{
    "timestamp": "2026-05-12T15:40:23.838337",
    "results": [
        {
            "description": "Repetitive Text",
            "original_size": 184,
            "compressed_size": 1432,
            "compression_ratio": 0.12849162011173185,
            "space_savings": -678.2608695652174,
            "compression_time": 9.1552734375e-05,
            "decompression_time": 3.409385681152344e-05,
            "is_correct": true
        },
        {
            "description": "Random Text",
            "original_size": 208,
            "compressed_size": 3360,
            "compression_ratio": 0.06190476190476191,
            "space_savings": -1515.3846153846152,
            "compression_time": 9.632110595703125e-05,
            "decompression_time": 3.0994415283203125e-05,
            "is_correct": false
        },
        {
            "description": "Mixed Content",
            "original_size": 344,
            "compressed_size": 3664,
            "compression_ratio": 0.09388646288209607,
            "space_savings": -965.1162790697674,
            "compression_time": 7.653236389160156e-05,
            "decompression_time": 3.3855438232421875e-05,
            "is_correct": true
        },
        {
            "description": "Code-like Text",
            "original_size": 216,
            "compressed_size": 3776,
            "compression_ratio": 0.057203389830508475,
            "space_savings": -1648.148148148148,
            "compression_time": 6.628036499023438e-05,
            "decompression_time": 2.4318695068359375e-05,
            "is_correct": true
        }
    ]
}